NAME,AGE,USER_LOCATION,USER_ID,USER_HOBBY_1,USER_HOBBY_2,USER_HOBBY_3,GENDER
John Doe,18,Dubai,1,Photography,Outdoor Sports,Gaming,M
Emma Smith,25,Abu Dhabi,2,Reading,Painting,Yoga,F
Mohamed Ali,35,Sharjah,3,Cooking,Gardening,Traveling,F
Aisha Ahmed,20,Ras Al Khaimah,4,Cycling,Hiking,Swimming,F
Fatima Khalid,32,Dubai,5,Writing,Knitting,Camping,F
Ahmed Hassan,27,Abu Dhabi,6,Fitness,Music,Dancing,M
Sara Khan,31,Sharjah,7,Running,Photography,Cooking,M
Khalid Ibrahim,29,Dubai,8,Painting,Reading,Gaming,M
Rana Ahmed,26,Abu Dhabi,9,Hiking,Photography,Yoga,M
Ali Hassan,33,Sharjah,10,Traveling,Cycling,Gardening,M
Layla Saleh,17,Dubai,11,Cooking,Hiking,Swimming,F
Omar Al-Saeed,30,Abu Dhabi,12,Gaming,Music,Dancing,F
Noura Khalifa,28,Ras Al Khaimah,13,Knitting,Writing,Camping,M
Rashid Abdullah,19,Dubai,14,Dancing,Painting,Reading,M
Mariam Ali,27,Abu Dhabi,15,Running,Photography,Yoga,M
Yousef Ahmed,31,Sharjah,16,Gaming,Traveling,Cooking,F
Amira Khan,29,Dubai,17,Cycling,Hiking,Swimming,M
Faisal Ibrahim,26,Abu Dhabi,18,Music,Writing,Knitting,F
Reem Hassan,20,Sharjah,19,Photography,Painting,Reading,M
Zahra Saleh,25,Dubai,20,Hiking,Gaming,Camping,F
Hassan Al-Saeed,30,Abu Dhabi,21,Traveling,Music,Dancing,F
Laila Khalid,28,Ras Al Khaimah,22,Cooking,Knitting,Yoga,F
Yousef Abdullah,33,Dubai,23,Running,Photography,Gaming,M
Mona Ali,24,Abu Dhabi,24,Hiking,Painting,Reading,M
Yasir Ahmed,31,Sharjah,25,Cycling,Dancing,Cooking,M
Zahra Ali,29,Dubai,26,Writing,Traveling,Swimming,F
Faisal Hassan,26,Abu Dhabi,27,Photography,Music,Knitting,M
Reem Saleh,20,Sharjah,28,Painting,Hiking,Camping,F
Zahra Al-Saeed,25,Dubai,29,Reading,Music,Dancing,M
Hassan Khalid,30,Abu Dhabi,30,Knitting,Writing,Yoga,F
Laila Abdullah,28,Ras Al Khaimah,31,Running,Photography,Reading,M
Yousef Ali,33,Dubai,32,Dancing,Painting,Swimming,M
Mona Ahmed,24,Abu Dhabi,33,Traveling,Music,Cooking,F
Yasir Hassan,31,Sharjah,34,Hiking,Writing,Gaming,F
